CONTINENT,COUNTRY,GID_0,GID_1,GID_2,Class,loss_2001,loss_2002,loss_2003,loss_2004,loss_2005,loss_2006,loss_2007,loss_2008,loss_2009,loss_2010,loss_2011,loss_2012,loss_2013,loss_2014,loss_2015,loss_2016,loss_2017,loss_2018,loss_2019,loss_2020,loss_2021,loss_2022
South America,Uruguay,URY,URY.1_2,URY.1.1_2,-5000,,,,,,0.46622841796875,,,,,0.0665143798828125,,,,,,,,,,,
South America,Uruguay,URY,URY.1_2,URY.1.1_2,-3100,,,,,0.06664186401367188,,,,,,,,,,,,,,,,,
South America,Uruguay,URY,URY.1_2,URY.1.1_2,-2100,0.13296728515625,,0.39892972412109373,0.132986181640625,1.0640067993164064,0.8645646728515627,0.332669091796875,0.33329561767578125,0.7985752014160155,0.06651940307617188,0.46592070922851564,,2.131500616455078,0.26601343994140625,,,,,,,,
South America,Uruguay,URY,URY.1_2,URY.1.1_2,-1300,0.19933236694335937,,0.26599616699218753,,0.13300404052734374,,0.066679150390625,,,0.19948429565429684,0.19945924682617186,0.864891192626953,19.41455133013557,4.989719000244142,,,,,,,0.19962482299804685,
South America,Uruguay,URY,URY.1_2,URY.1.1_2,-100,,,0.46582979736328123,0.1342954429476869,0.06671670532226562,,0.19533496744791667,0.06653983764648437,,0.06649191284179687,,,,,,,,,,,,
South America,Uruguay,URY,URY.1_2,URY.1.1_2,100,,,0.2659867797851563,0.06650264892578125,,,,,,0.06678118896484375,,,,,,,,,,,,
South America,Uruguay,URY,URY.1_2,URY.1.1_2,1300,,,,,,,,,,0.06651990966796875,,,0.5991427856445313,0.06653096313476563,,,,,,,,
South America,Uruguay,URY,URY.1_2,URY.1.1_2,2100,0.06652108154296875,,0.06651638793945312,,0.06645582275390625,0.06645767211914062,,,0.06645330200195312,,0.19968131713867188,0.06646019287109375,1.7315340393066405,0.3327049499511719,,0.06657362060546874,0.06657378540039062,,0.06676777954101562,,,
South America,Uruguay,URY,URY.1_2,URY.1.1_2,3100,,,,,,1.6660872070312502,,,,,,0.06654117431640626,0.19906690063476562,,,,,,,,,
South America,Uruguay,URY,URY.1_2,URY.1.1_2,5000,,,,,,0.133535888671875,,,,0.001571551872702206,0.06651454467773438,0.06661268920898437,,0.06652861938476562,,,,,,,,
South America,Uruguay,URY,URY.1_2,URY.1.3_2,-2100,0.133327685546875,,,0.6656839904785157,0.3328373352050781,0.5988993408203125,,,,0.06670806884765625,0.266178759765625,0.3329612487792969,0.46623566284179685,0.2663471740722656,,,,,,,,
South America,Uruguay,URY,URY.1_2,URY.1.3_2,-1300,,0.2000708679199219,,,,0.06657144775390625,0.26629346923828123,,0.06668746337890626,0.13335645751953124,,0.7996049560546875,17.799802264404306,1.1323743408203124,,,,,,,,
South America,Uruguay,URY,URY.1_2,URY.1.3_2,-100,,,0.33273096923828127,0.8651153991699219,,,,,0.06666700439453126,,,,,,,,,,,,,
South America,Uruguay,URY,URY.1_2,URY.1.3_2,100,,,,0.33273163452148435,,,,,0.06666700439453126,,,,,,,,,,,,,
South America,Uruguay,URY,URY.1_2,URY.1.3_2,1300,,,,,,,,,,,,,0.3328124084472656,,,,,,,,,
South America,Uruguay,URY,URY.1_2,URY.1.3_2,2100,,,,0.1996606628417969,0.06666417236328125,,,0.06654569091796875,,0.06669328002929688,0.33274619140625,,2.06662333984375,0.19977566528320312,,,,,,,,
South America,Uruguay,URY,URY.1_2,URY.1.3_2,3100,,,,,,0.06666367797851562,0.13332435302734374,,,,,,0.19989129028320315,,,,,,,,,
South America,Uruguay,URY,URY.1_2,URY.1.3_2,5000,,,,,,0.06666367797851562,,,,,,,,,,,,,,,,
South America,Uruguay,URY,URY.1_2,URY.1.4_2,-2100,,0.06659833984375,,,,,,,,,,,,,,,,,,,,
South America,Uruguay,URY,URY.1_2,URY.1.4_2,-1300,,,,,,,,,0.066584814453125,,,,0.5995668640136719,,,,,,,,,
South America,Uruguay,URY,URY.1_2,URY.1.4_2,1300,,,,,,,,,,,,,0.066645361328125,,,,,,,,,
South America,Uruguay,URY,URY.1_2,URY.1.4_2,2100,,,,,,,,,,,,0.13328789062500002,,,,,,,,,,
South America,Uruguay,URY,URY.10_2,URY.10.8_2,-5181,,,,,,,,,,,,,,,,,,0.0634855224609375,0.06348571166992187,,,
South America,Uruguay,URY,URY.10_2,URY.10.8_2,-5000,,,,,,,,0.1904969299316406,,,,,,,,,,,,,,
South America,Uruguay,URY,URY.10_2,URY.10.8_2,-1300,,,,,,,,0.06351381225585938,,,,0.190437890625,,,,,,,,,,
South America,Uruguay,URY,URY.11_2,URY.11.1_2,-5181,,,,,,,,,,,,,,0.06545929565429688,,,,,,,0.06545684204101562,
South America,Uruguay,URY,URY.11_2,URY.11.1_2,-2100,0.065230517578125,,,0.13031981811523438,0.06576763916015625,0.0654459716796875,,0.06542421264648438,0.0651543212890625,,0.065371484375,,0.06535476684570313,0.0654643798828125,0.196145068359375,,,,,,,
South America,Uruguay,URY,URY.11_2,URY.11.1_2,-1300,0.0652044921875,0.3270177490234375,,,,0.0653809814453125,,0.45759447021484373,0.8440631742350261,0.3914000610351563,2.2286747076056987,0.8494630249023438,34.032601792423065,1.308156219482422,,,0.6521599914550782,,,,0.3914695861816406,0.06524484252929688
South America,Uruguay,URY,URY.11_2,URY.11.1_2,-100,,,,,,,,,0.06520820922851563,,,,,,,,,,,,,
South America,Uruguay,URY,URY.11_2,URY.11.1_2,100,,,,,,,,,0.03423776783662684,,,,,,,,,,,,,
South America,Uruguay,URY,URY.11_2,URY.11.1_2,1300,,,,,,,,0.13074385375976563,,,0.06537008056640625,,0.7192177124023437,0.06546385498046875,,,,,,,,
South America,Uruguay,URY,URY.11_2,URY.11.1_2,2100,,,,0.2610814392089844,,,,0.13042616577148436,0.06521299438476562,,0.32725054321289065,0.0652298095703125,,,0.13076373291015625,,,,,,0.06545736694335938,
South America,Uruguay,URY,URY.11_2,URY.11.1_2,3100,,,,,0.1973029113769531,0.1959997314453125,,0.261364208984375,0.06521317138671875,,,,,,,,,,,,,
South America,Uruguay,URY,URY.11_2,URY.11.1_2,3242,,,,,,,,,,,,,,,,,,,,,0.06524501953125,
South America,Uruguay,URY,URY.11_2,URY.11.1_2,5000,,,,,,,,0.0653792236328125,,,,,,,,,,,,,0.26182578735351564,0.0654536865234375
South America,Uruguay,URY,URY.11_2,URY.11.2_2,-5000,,0.06575620727539062,,,,,,,,,,,,,,,,,,,,
South America,Uruguay,URY,URY.11_2,URY.11.2_2,-2100,,,,,,,,,,0.0658440185546875,,,,,,,,,,,,
South America,Uruguay,URY,URY.11_2,URY.11.2_2,-1300,,0.1314195068359375,,,,,,,,,0.7242309204101562,,2.6984074523925785,0.13168234863281247,,,,,,,,
South America,Uruguay,URY,URY.11_2,URY.11.2_2,-100,0.1314229736328125,0.06584419555664063,0.1972215087890625,0.19750238037109374,,0.06574443359375,0.46030930175781243,,0.06572172241210937,,0.06584298706054688,,,,,,,,,,,
South America,Uruguay,URY,URY.11_2,URY.11.2_2,1300,,,,,,,,,,,0.06583297729492188,,,,,,,,,,,
South America,Uruguay,URY,URY.11_2,URY.11.2_2,2100,0.19738318481445313,,,,,,,,,,,,,,,,,,,,,
South America,Uruguay,URY,URY.11_2,URY.11.2_2,3100,0.13158838500976563,,,,,,,,,,,,0.59260810546875,0.06584557495117188,,,,,,,,
South America,Uruguay,URY,URY.11_2,URY.11.4_2,-5000,,,,,,,,,,,,,,,,,,,,0.6539172912597657,,
South America,Uruguay,URY,URY.11_2,URY.11.4_2,-2100,,,,,,,,,,,,0.06538468017578125,0.06538239135742188,,,,,,,,,
South America,Uruguay,URY,URY.11_2,URY.11.4_2,-1300,,,,,,,,,0.1307183349609375,,8.497267616684859,0.9153494262695313,13.211627908145676,0.06540594482421876,,,0.06539188842773437,,,,,
South America,Uruguay,URY,URY.11_2,URY.11.4_2,-100,,,,0.13071692504882815,,0.065392236328125,,,,,,0.06538203735351562,,,,,,,,,,
South America,Uruguay,URY,URY.11_2,URY.11.4_2,3100,,,,,,,,,,,,,0.130825244140625,,,,,,,,,
South America,Uruguay,URY,URY.11_2,URY.11.4_2,3242,,,,,,,,,,,,,0.13082611694335938,,,,,,,,,
South America,Uruguay,URY,URY.11_2,URY.11.5_2,-2100,,0.06535934448242188,0.0653757080078125,0.06535335693359375,0.0653783447265625,0.06535899047851562,,,0.39222064208984375,,0.0653681396484375,,,0.06534736938476562,,,,,,,,
South America,Uruguay,URY,URY.11_2,URY.11.5_2,-1300,,,0.19610547485351565,,,0.392155712890625,,,0.3965647188313802,,0.5229565734863281,,22.425934958041328,1.4381971313476563,,,,,,,,
South America,Uruguay,URY,URY.11_2,URY.11.5_2,1300,,,,,,,,,,,,,0.19607310180664062,,,,,,,,,
South America,Uruguay,URY,URY.11_2,URY.11.5_2,2100,,,,0.06532587890625,,,,,,,,,0.06535758056640625,,,,,,,,,
South America,Uruguay,URY,URY.11_2,URY.11.5_2,3100,,,,,,0.1307183349609375,,0.19610301513671874,,,,,,0.19604246215820312,2.0917029541015637,,,,,,,
South America,Uruguay,URY,URY.11_2,URY.11.5_2,5000,,0.06535846557617188,,,,,,,,,,,,,,,,,,,,
South America,Uruguay,URY,URY.11_2,URY.11.6_2,-1300,,,,,,,,,,,,,,0.06508038330078125,,,,,,,,
South America,Uruguay,URY,URY.11_2,URY.11.7_2,-2100,,,,,,,,,,,,,0.1309315673828125,,,,,,,,,
South America,Uruguay,URY,URY.11_2,URY.11.7_2,-1300,,0.065393994140625,,,,,,,,,,,3.272938629150392,,,,,,,,,
South America,Uruguay,URY,URY.11_2,URY.11.7_2,-100,,0.06561273803710937,,,,,,,,,,,,,,,,,,,,
South America,Uruguay,URY,URY.11_2,URY.11.7_2,1300,,0.06561273803710937,,,,,,,,,,,,,,,,,,,,
South America,Uruguay,URY,URY.12_2,URY.12.1_2,-5181,,,,0.06487003173828125,,,0.7789263977050782,5.9720896362304705,0.9726973632812499,0.9727187377929685,,0.06478213500976562,0.19434730224609376,,7.38531734008789,1.6195855651855473,,12.933285363769539,0.4544303283691406,0.8419815185546873,0.194525439453125,0.12978508911132813
South America,Uruguay,URY,URY.12_2,URY.12.1_2,-5000,0.32390454711914063,,,0.12974365234375,,0.0647204833984375,,0.5841556091308593,0.12954426879882813,2.2669804138183585,,,,0.38936260986328125,0.5830622497558595,0.5830438842773438,,5.913054742431641,0.06497694091796875,1.1023367004394533,0.06486913452148438,1.2333107727050783
South America,Uruguay,URY,URY.12_2,URY.12.1_2,-2100,,,,0.06472625732421874,,0.1943485595703125,,0.064781591796875,0.06472535400390625,,0.06475150756835937,0.1296084777832031,,,,,,,,,,
South America,Uruguay,URY,URY.12_2,URY.12.1_2,-1300,0.06473816528320313,,,,0.06473978881835937,0.6473545593261719,0.5180654052734375,0.06476502685546875,0.38864461669921874,,0.0647738525390625,0.45364869384765627,1.1656607177734375,3.2414454223632814,,0.12956966552734375,1.1626909179687501,1.0396208984375,0.25955396728515623,,,0.0649119873046875
South America,Uruguay,URY,URY.12_2,URY.12.1_2,-100,0.58388935546875,,0.12986732177734375,0.3236271484375,,0.37465139270258885,,0.064799951171875,,,0.06477349243164063,,,,,,,,,,,
South America,Uruguay,URY,URY.12_2,URY.12.1_2,100,,,0.1945964599609375,,,,,,0.1941803955078125,,0.12954697875976562,,,,,,,,,,,
South America,Uruguay,URY,URY.12_2,URY.12.1_2,1300,,,,,,0.12935053100585936,,,,,,,,0.06491055908203125,,,,,,,,
South America,Uruguay,URY,URY.12_2,URY.12.1_2,2100,,0.12987591552734376,0.06493330078125,0.19437296752929686,,0.19427237548828125,0.2590361328125,,0.4530636291503906,0.06475889892578125,0.7773050109863282,,0.06478051147460938,,0.06480067138671874,0.12960044555664063,,0.13008435668945312,0.12959990844726563,,,
South America,Uruguay,URY,URY.12_2,URY.12.1_2,3100,,,,0.194420556640625,,0.06461596069335937,0.38832308349609373,0.06450538330078125,0.06469321899414063,0.1296770446777344,0.3234047912597656,,,,,,0.1944264892578125,0.3251895874023437,,,,0.129784912109375
South America,Uruguay,URY,URY.12_2,URY.12.1_2,3242,,,,,,,,,,0.2590024169921875,,,,,0.19407886352539064,0.25803317871093756,,0.9752579956054687,,,,
South America,Uruguay,URY,URY.12_2,URY.12.1_2,5000,,,,,,0.12930152587890625,0.06450502319335938,0.06503959350585937,,0.06475060424804688,0.06480013427734375,,,,0.0647853759765625,,,0.3900398132324219,,,,0.5192785339355468
South America,Uruguay,URY,URY.12_2,URY.12.2_2,-5000,,,,,,,,,,,,,,,,,0.06482009887695313,,,,,
South America,Uruguay,URY,URY.12_2,URY.12.2_2,-3100,,,,,,,,,,,,0.06470947265625,,,,,,,,,,
South America,Uruguay,URY,URY.12_2,URY.12.2_2,-2100,,,,0.12974454956054687,,,0.06473546142578125,,,,,,0.06487470092773437,,,,0.1945693542480469,,,,,
South America,Uruguay,URY,URY.12_2,URY.12.2_2,-1300,,,,,,0.06475691528320313,0.0647399658203125,,,,0.32342001342773435,0.258737451171875,0.4530034240722657,0.9707260803222657,,,7.261282287597657,,,,,
South America,Uruguay,URY,URY.12_2,URY.12.2_2,-100,,,,,,,,,,,,,,,,,0.06487039184570312,,,,,
South America,Uruguay,URY,URY.12_2,URY.12.2_2,100,,,,,,,0.0647399658203125,,,,,,,,,,0.19462552490234375,,,,,
South America,Uruguay,URY,URY.12_2,URY.12.2_2,1300,,,,,,,,,,,,,,,,,0.12976321411132813,,,,,
South America,Uruguay,URY,URY.12_2,URY.12.2_2,2100,,,,,,0.1945558898925781,,,0.0648145263671875,,,0.06479329833984375,0.19443809204101564,0.06469791259765625,,,0.19456251831054688,,,,,
South America,Uruguay,URY,URY.12_2,URY.12.2_2,3100,,,,,,,,,0.0648145263671875,,,,,,,,,,,,,
South America,Uruguay,URY,URY.12_2,URY.12.2_2,5000,,,,,,,,,,,,,,,,,0.064809130859375,,,,,
South America,Uruguay,URY,URY.12_2,URY.12.3_2,-2100,,0.19510287475585938,0.9093258666992189,2.0788303222656253,,0.6499641418457032,0.12986085815429688,0.19507838134765623,0.13030739135742186,,1.2343028137207033,,0.13008377075195313,,,,,,,,,
South America,Uruguay,URY,URY.12_2,URY.12.3_2,-1300,0.1299084716796875,0.3899480773925781,0.13029976196289061,0.06510582275390625,0.13030562133789061,,,,,0.065153076171875,1.623519221454695,0.13026869506835936,1.1073181640625,0.7141720255773207,,,0.45428770141601565,,0.38958154296874997,,0.9754494689941408,
South America,Uruguay,URY,URY.12_2,URY.12.3_2,-100,,,,,,,,,0.195319580078125,,,,,,,,,,,,,
South America,Uruguay,URY,URY.12_2,URY.12.3_2,100,,,,,,,,,0.030916193345013786,,,,,,,,,,,,,
South America,Uruguay,URY,URY.12_2,URY.12.3_2,2100,,,,,,,,0.06514952392578124,,,,,0.06513461303710938,,,,0.06489102172851563,,0.1298742980957031,,,
South America,Uruguay,URY,URY.12_2,URY.12.3_2,3100,,,,0.4552307006835937,0.13031785888671876,,,,0.9737371520996094,,,,0.06494046020507813,,,,,,,,,
South America,Uruguay,URY,URY.12_2,URY.12.4_2,-1300,,,,,,,,,,,,0.06507166137695312,,0.0671175317622166,,,,,,,,
South America,Uruguay,URY,URY.13_2,URY.13.1_2,-5181,0.06600702514648438,,,,,0.13220982666015624,,,0.06599468383789063,,0.132020703125,0.660052294921875,3.7634695678710948,5.213723773193362,6.337193957519532,2.4425197082519534,5.4832778014658015,2.114060358719171,0.06588367309570313,4.216696246337891,5.137014422607423,0.3962230895996094
South America,Uruguay,URY,URY.13_2,URY.13.1_2,-5000,,,,,,,,,,,0.1983079895019531,,,,0.06599570922851562,,0.9900436462402343,,,,,
South America,Uruguay,URY,URY.13_2,URY.13.1_2,-2100,0.18415739501953127,,0.19734437255859374,,,0.20852688713522516,0.06595767951516543,0.1977467041015625,,1.88839338292739,0.8524069213867188,0.8583299239813111,,0.43998679615693936,,0.06594800415039062,0.31422144373276656,0.37627433974322155,,0.5273430053710937,,0.13209194335937502
South America,Uruguay,URY,URY.13_2,URY.13.1_2,-1300,0.0657205078125,,0.13161328735351563,,0.13200273437499999,0.06572102661132813,0.19689750976562503,0.13165284423828127,,,,0.5274668762207031,0.06604571533203125,,,,,0.07947159715839461,,,,
South America,Uruguay,URY,URY.13_2,URY.13.1_2,-100,,,,,,0.720409844970703,,,,,,,,,,,,,,,,
South America,Uruguay,URY,URY.13_2,URY.13.1_2,1300,,,,,,,,,,,,,,,,,,,,,0.19752584838867188,
South America,Uruguay,URY,URY.13_2,URY.13.1_2,2100,,,,,0.13179796142578126,0.06571998901367188,0.06576919555664062,0.19736988525390625,,0.0654791015625,,,,0.0660013671875,,,0.46202191772460943,0.1125964190314798,,0.13178612060546874,,
South America,Uruguay,URY,URY.13_2,URY.13.1_2,3100,,,0.1314361572265625,,,,,,,,0.3275303039550781,0.19769010620117186,,0.8074286755371093,1.4518980834960933,0.0012931587967218137,1.0560283813476568,1.6902814720004213,0.3953788452148437,0.26354949951171874,,0.33022926025390625
South America,Uruguay,URY,URY.13_2,URY.13.1_2,5000,,,,,,,,,,,0.06610277709960938,0.06602158203125,1.7830755126953126,,0.06599451293945313,,2.3087717590332035,0.1979821533203125,0.19771986083984378,4.217614422607423,6.581647338962932,0.5282630065917968
South America,Uruguay,URY,URY.13_2,URY.13.2_2,-5181,,,,,,,,,,0.13177733154296875,,,,,,,,,,,,
South America,Uruguay,URY,URY.13_2,URY.13.2_2,-2100,,,,,,,0.19689976002412685,0.06588832397460938,,0.09017776508406097,,0.13165421752929687,,,,,,,,,,
South America,Uruguay,URY,URY.13_2,URY.13.2_2,-1300,,,,,,,0.06576781005859375,,,,,,,,,,,,,,,
South America,Uruguay,URY,URY.13_2,URY.13.2_2,2100,,,,,,,,0.13152730712890626,,,,0.06576659545898438,,,,,,,,,,
South America,Uruguay,URY,URY.13_2,URY.13.2_2,5000,,,,,,,,,,,,,,,,,,0.13167026977539062,,,0.13553994133444391,
South America,Uruguay,URY,URY.13_2,URY.13.3_2,-5181,,,,,,,,,,,0.06595264282226562,,,2.312113134765625,,,2.103784155680339,0.45865888513901654,,,3.827480639648437,
South America,Uruguay,URY,URY.13_2,URY.13.3_2,-2100,,,0.131958154296875,,,0.131953173828125,,,,,0.329861572265625,,,0.6153629471124389,,,0.015788480583639707,0.28317224259918816,,,1.0556563049316403,
South America,Uruguay,URY,URY.13_2,URY.13.3_2,-1300,,,,,,0.13188656005859373,,,,,0.1979188781738281,,,0.066061962890625,,,,0.18429159864238664,,,0.3298904113769531,
South America,Uruguay,URY,URY.13_2,URY.13.3_2,1300,,,,,,,,,,,,,,,,,,,,,0.32992059326171874,
South America,Uruguay,URY,URY.13_2,URY.13.3_2,2100,,,,,,,,,,,,,0.06598182373046875,0.06598165283203125,,,,0.08515501694623162,,,0.13195643310546876,
South America,Uruguay,URY,URY.13_2,URY.13.3_2,3100,,,,,,,,,,,,,,0.2474494147566253,,0.13060903846890318,0.0660015380859375,2.2026352993834255,,,0.06598353881835937,
South America,Uruguay,URY,URY.13_2,URY.13.3_2,5000,,,,,,,,,,,,,0.06599022827148437,0.6601508544921875,,0.1319027099609375,0.132003076171875,0.1978877624511719,,0.06596998291015625,8.11542258300781,
South America,Uruguay,URY,URY.13_2,URY.13.4_2,-2100,,,,,,,,,,,,,,,,,,,,,0.065640771484375,
South America,Uruguay,URY,URY.13_2,URY.13.4_2,-100,,,,,,,,,,,,0.06563659057617187,,,,,,,,,,
South America,Uruguay,URY,URY.13_2,URY.13.4_2,2100,,,,,0.06563468017578125,,,,,,,,,,,,,,,,0.26256412353515624,
South America,Uruguay,URY,URY.14_2,URY.14.1_2,-5181,1.2153453369140628,0.9594742797851563,0.7035640197753905,4.0934636108398434,0.31995441894531246,1.1517659118652341,,0.5118216552734375,3.9020245483398437,1.0237844665527343,5.3112779541015644,62.51379077148464,1.2792554321289062,7.611484063720704,0.06396068725585938,0.12792099609375,,1.663070043945313,2.1746920471191404,20.4031255371094,9.978508343505865,46.25846471557608
South America,Uruguay,URY,URY.14_2,URY.14.1_2,-5000,0.7039151550292968,,,,,0.1919779541015625,,,,0.12797349853515627,,0.8318433654785157,,0.38376300048828127,,,,,,0.12792174072265625,0.44768692626953116,0.44790307617187497
South America,Uruguay,URY,URY.14_2,URY.14.1_2,-3100,,,,,0.19398691406250002,,,,,0.19369352416992192,,0.0645582763671875,,,,,,,,,,
South America,Uruguay,URY,URY.14_2,URY.14.1_2,-2100,19.167896085707728,1.2804671936035157,0.3841769714355469,2.579240710449219,5.9312390109432425,3.2777617980957032,0.19281707153320313,1.1550446285472193,1.0959597167968749,2.3884081359863285,3.2775793823242183,2.3870477539062502,1.220974591064453,0.38566982421875007,,0.5786008728027344,,,,,0.832333123779297,0.19197888793945314
South America,Uruguay,URY,URY.14_2,URY.14.1_2,-1300,,,,0.25824995727539063,0.06458151245117187,0.19388864135742187,0.06455192260742187,0.12910089111328127,,0.06458477783203125,,0.25835226440429687,0.06453375244140624,0.2582287048339844,,0.064603271484375,,,,,0.3863677612304687,
South America,Uruguay,URY,URY.14_2,URY.14.1_2,-100,0.06349155883789062,,,0.3232740783691406,1.2149680604942175,0.45130221557617184,0.5123631530761719,0.5122782287597657,0.19212575073242188,0.15516894409179688,0.1292688720703125,0.12921989135742187,,,,,,,,,,
South America,Uruguay,URY,URY.14_2,URY.14.1_2,100,,,0.0644062255859375,0.5152638549804687,0.11043024820963541,,,,,,,,,,,,,,,,,
South America,Uruguay,URY,URY.14_2,URY.14.1_2,1300,,,,,,,,,0.0645335693359375,,,0.129116552734375,,,,,,,,,,
South America,Uruguay,URY,URY.14_2,URY.14.1_2,2100,0.06349136962890625,,,,0.09472229039809284,,0.0640468505859375,0.09135857103534774,0.06465325927734375,0.19388627319335938,,0.12921934814453123,,,,0.06460309448242188,,,,,0.06362557373046875,0.38395739135742185
South America,Uruguay,URY,URY.14_2,URY.14.1_2,3100,0.1280562744140625,,,0.06434076538085938,0.13754483522901348,,,,,,,,,,,,,0.06396439819335938,,,,0.6404828369140625
South America,Uruguay,URY,URY.14_2,URY.14.1_2,5000,0.19197368774414061,,,,,,,,,,,,,,,,,,,0.06395753173828125,0.2545017333984375,0.19193660888671876
South America,Uruguay,URY,URY.14_2,URY.14.2_2,-5181,,,,,,,,,,,,,,,,,,,,,0.38296920776367194,
South America,Uruguay,URY,URY.14_2,URY.14.2_2,-5000,,,,,,,,,,,,,,,,,,,,,0.12765739746093752,
South America,Uruguay,URY,URY.14_2,URY.14.2_2,-2100,2.5002382995605466,0.12762470092773437,,,0.7051116577148437,0.31990792236328125,1.0877916564941406,0.06411485595703124,,0.19155534057617185,0.12784835205078127,0.063737841796875,,,,,0.25645333862304687,,,,,
South America,Uruguay,URY,URY.14_2,URY.14.2_2,-100,,,,,,0.06410673828125,,,,,,,,,,,,,,,,
South America,Uruguay,URY,URY.14_2,URY.14.3_2,-2100,0.192659033203125,,,,0.12843954467773439,,,,,,,,,,,,,,,,,
South America,Uruguay,URY,URY.14_2,URY.14.5_2,3100,,,,,,,,,0.06423089599609375,,,,,,,,,,,,,
South America,Uruguay,URY,URY.15_2,URY.15.1_2,-5181,,,,,,,,,,,,,0.13192486572265624,,,,,,,,,
South America,Uruguay,URY,URY.15_2,URY.15.1_2,-5000,,,,,,,,,,,0.13191627197265626,,,0.0660018798828125,,,,,0.06602672119140625,,,
South America,Uruguay,URY,URY.15_2,URY.15.1_2,-2100,0.26316967163085936,0.066214111328125,,,,,,,,0.32905035400390625,,,0.19829488525390626,0.26314393478094367,,,,,,,,
South America,Uruguay,URY,URY.15_2,URY.15.1_2,-1300,0.46050565185546877,,0.19781419677734374,,,,,,,0.065838671875,0.1317163330078125,0.2630977172851563,3.7224586193847644,0.9881242309570313,,,0.0660679443359375,,,,,
South America,Uruguay,URY,URY.15_2,URY.15.1_2,-100,,0.06601301879882812,0.06579912109375,,,,,,0.13182462768554687,,,,,,,,,,,,,
South America,Uruguay,URY,URY.15_2,URY.15.1_2,1300,,,,,,,,,,,,,0.3962435241699219,,,,,,,,,
South America,Uruguay,URY,URY.15_2,URY.15.1_2,2100,,,,,,,,,,0.5267071472167969,0.06567520141601563,,0.3303843200683594,0.1316244873046875,,,0.0660679443359375,,0.19808016357421873,,,
South America,Uruguay,URY,URY.15_2,URY.15.1_2,3100,,,,,,,,,,,,,,,,,,,0.06602655029296875,,,
South America,Uruguay,URY,URY.15_2,URY.15.1_2,5000,0.0657887451171875,,,,,,,,,,,,5.192503925398284E-4,,,,,,,,,
South America,Uruguay,URY,URY.15_2,URY.15.2_2,-3100,,,,,,,,0.1324353515625,0.06634381713867188,,,,,,,,,,,,,
South America,Uruguay,URY,URY.15_2,URY.15.2_2,-2100,,,,,0.06625482788085937,,,,,,0.2650081237792969,,0.1325849853515625,,,,,,,,,
South America,Uruguay,URY,URY.15_2,URY.15.2_2,-1300,,,,,,,,,,,,,0.46439033813476566,,,,,,,,,
South America,Uruguay,URY,URY.15_2,URY.15.2_2,-100,,,,,,,,,,,0.132498974609375,,,,,,,,,,,
South America,Uruguay,URY,URY.15_2,URY.15.2_2,1300,,,,,,,,,,,,,0.13266449584960938,,,,,,,,,
South America,Uruguay,URY,URY.15_2,URY.15.2_2,2100,,,,,,,,,,,0.13251339111328125,,,,,,,,,,,
South America,Uruguay,URY,URY.15_2,URY.15.2_2,3100,,,,,,,,0.13243756103515625,0.13243382568359374,,,,,,,,,,,,,
South America,Uruguay,URY,URY.15_2,URY.15.3_2,-2100,,,,,,,,,0.132150927734375,,,0.13221459960937498,0.3310588195800781,0.13225546875,,,,,,,,
South America,Uruguay,URY,URY.15_2,URY.15.3_2,-1300,0.132204248046875,0.26408170776367185,0.06609833984375,,0.06617263793945312,0.0660758056640625,,,,,,0.7931796691894532,3.513640883717257,1.7884326153923484,,,,,,,,
South America,Uruguay,URY,URY.15_2,URY.15.3_2,-100,0.06604417724609375,0.13210169677734374,,0.13243449707031252,,0.0660758056640625,,,,0.2642120971679688,,0.06615851440429688,,,,,,,,,,
South America,Uruguay,URY,URY.15_2,URY.15.3_2,100,0.06604913940429688,,,,,,,,,0.06608280639648438,,,,,,,,,,,,
South America,Uruguay,URY,URY.15_2,URY.15.3_2,1300,,,,,,,,,,,,0.132201806640625,0.066201708984375,,,,,,,,,
South America,Uruguay,URY,URY.15_2,URY.15.3_2,2100,,,,,,,,,0.264194140625,,0.06601696166992188,,,,,,,,,,,
South America,Uruguay,URY,URY.15_2,URY.15.3_2,5000,0.066156982421875,,,,,,,,0.1321755126953125,,,,,,,,,,,,,
South America,Uruguay,URY,URY.15_2,URY.15.5_2,-2100,,,,,,,,,,,,,,0.0010353209252450981,,,,,,,,
South America,Uruguay,URY,URY.15_2,URY.15.5_2,-1300,,,,,,,,,,,,,0.132000341796875,,,,,,,,,
South America,Uruguay,URY,URY.15_2,URY.15.5_2,-100,,,,,,,,,,0.0658624755859375,,,,,,,,,,,,
South America,Uruguay,URY,URY.15_2,URY.15.5_2,2100,,,,,,,,,0.6586626831054688,,,,0.13172098388671877,,,,,,,,,
South America,Uruguay,URY,URY.15_2,URY.15.6_2,-3100,0.0660677734375,,0.13212666015625,,,,,,,,,,,,,,,,,,,
South America,Uruguay,URY,URY.15_2,URY.15.6_2,-2100,,,,,,,,,,,,0.13208389892578126,0.06604246215820313,,,,,,,,,
South America,Uruguay,URY,URY.15_2,URY.15.6_2,-1300,,,,,,,,,,,,0.46234257202148443,,1.3151727618049174,,,0.06604639892578125,,,,,
South America,Uruguay,URY,URY.15_2,URY.15.6_2,-100,,,,,,0.0660600830078125,,,,0.0660614501953125,,,,,,,,,,,,
South America,Uruguay,URY,URY.15_2,URY.15.6_2,100,,,,,,,,,,,0.0660345947265625,,,,,,,,,,,
South America,Uruguay,URY,URY.15_2,URY.15.6_2,2100,,,,,,,,,,,,0.06605460815429688,,,,,,,,,,
South America,Uruguay,URY,URY.15_2,URY.15.6_2,3242,,,0.06606298828125,,,,,,,,,,0.0660679443359375,,,,,,,,,
South America,Uruguay,URY,URY.15_2,URY.15.7_2,-5181,,,,0.06620068969726563,,0.7282101501464846,,,,,,,,,,,,,,,,
South America,Uruguay,URY,URY.15_2,URY.15.7_2,-5074,,,,0.5949942687988282,,,0.13220794677734374,,,,0.06621648559570313,,,,,,,,,,,
South America,Uruguay,URY,URY.15_2,URY.15.7_2,-5000,,,,,0.2643947265625,0.06610619506835938,,,,,0.13221187744140625,,0.132387109375,,,,,,,,,
South America,Uruguay,URY,URY.15_2,URY.15.7_2,-2100,,,,,,1.3240669616699217,,,0.19862976074218752,,0.06620034790039063,,0.13240545654296876,,,0.06620867309570312,,,,,,
South America,Uruguay,URY,URY.15_2,URY.15.7_2,-1300,,,,,,,,,,0.132139306640625,0.06621937255859375,0.06612324829101562,0.6496289504346661,,,,,,,,,
South America,Uruguay,URY,URY.15_2,URY.15.7_2,-100,,0.066205615234375,,0.1324431640625,,,,,,0.132138623046875,0.06621835327148437,,,,,,,,,,,
South America,Uruguay,URY,URY.15_2,URY.15.7_2,100,,,,,,,,,,,,,0.0661933837890625,,,,,,,,,
South America,Uruguay,URY,URY.15_2,URY.15.7_2,1300,,,,,,0.0662178466796875,,,,0.06621190185546875,,,,,,,,,,,,
South America,Uruguay,URY,URY.15_2,URY.15.7_2,2100,,,0.19866083374023438,0.06621954345703125,0.132438916015625,0.06622022094726562,,0.06620595703125,0.19864283447265624,0.06621818237304687,0.13239934082031252,0.1982523498535156,0.13221136474609374,0.1322268798828125,,,,,,,,
South America,Uruguay,URY,URY.15_2,URY.15.7_2,3100,,,,,,0.8608406372070315,,,0.1324234619140625,,0.06621954345703125,0.19825303344726564,,,,0.13241768798828124,,,,,,
South America,Uruguay,URY,URY.15_2,URY.15.7_2,5000,,,,,,0.06619932861328125,,,0.06620307006835938,,,,0.06542554946001838,,,,,,,,,
South America,Uruguay,URY,URY.16_2,URY.16.1_2,-5181,,,0.7637299316406252,,0.127292822265625,0.5727657165527343,0.445484912109375,,,,,,,,,0.12782626953125,0.6391179565429688,,,1.2710358398437496,2.481930206298828,
South America,Uruguay,URY,URY.16_2,URY.16.1_2,-5000,,,0.06364303588867187,,,0.25456369018554686,0.12728212280273438,,,,,,,,,0.06391331787109375,0.31955545043945316,,,,1.6547323669433596,
South America,Uruguay,URY,URY.16_2,URY.16.1_2,-2100,0.06381219482421875,,,,,,,,,,,,,,,,,,,,,
South America,Uruguay,URY,URY.16_2,URY.16.1_2,-1300,,,0.06364566040039063,,0.3187567687988281,0.12727968139648438,,,,,,,,0.1912240234375,,0.0638401611328125,2.5541700439453128,,,,0.5745312808766084,
South America,Uruguay,URY,URY.16_2,URY.16.1_2,1300,,,,,,,,,,,,,,,,,,,,,0.1913428649902344,
South America,Uruguay,URY,URY.16_2,URY.16.1_2,2100,,,,,,,,,,,,,,,,,0.127828125,,,,,
South America,Uruguay,URY,URY.16_2,URY.16.1_2,3100,,,,,0.0635684326171875,,0.12738807373046876,,,,,,,,,,0.5112868469238281,,,,,
South America,Uruguay,URY,URY.16_2,URY.16.2_2,-2100,0.3174570373535156,0.254061279296875,,0.6352851013183594,0.19053992309570314,0.12708717041015624,,1.0162541015624997,0.12705985107421874,0.06353284912109375,0.0635156982421875,0.2539479309082031,,,,,,,,,,
South America,Uruguay,URY,URY.16_2,URY.16.2_2,-1300,,,,,,,,,,0.06352869873046875,,,,,,,,,,,,
South America,Uruguay,URY,URY.16_2,URY.16.2_2,3100,,,,0.12705777587890627,,0.3812534057617188,,,,,,0.06348721923828125,,,,,,,,,,
South America,Uruguay,URY,URY.16_2,URY.16.3_2,-5181,1.0184020629882813,1.6547457153320313,,,1.8457447753906253,,,,0.44555153198242187,,4.264622174072264,9.801469219970715,,,,0.763888067626953,0.38194675903320313,,2.3551611206054694,,0.1909456115722656,0.44556091308593754
South America,Uruguay,URY,URY.16_2,URY.16.3_2,-5000,1.0820903015136718,,,,,,,,,,,,,,,0.063660107421875,0.3182971618652344,,0.8911482543945313,,0.12729675903320314,
South America,Uruguay,URY,URY.16_2,URY.16.3_2,-1300,,,,,,,,,0.19101613159179687,,,,,0.25461021728515626,,,,,0.06365823364257812,,,
South America,Uruguay,URY,URY.16_2,URY.16.3_2,1300,,,,,,,,,,,,,,,,,,,0.06365785522460937,,,
South America,Uruguay,URY,URY.16_2,URY.16.3_2,2100,,,,,,,,,,,,,,,,,,,0.572935321044922,,,
South America,Uruguay,URY,URY.16_2,URY.16.3_2,3100,,0.12728887939453126,,,,,,,,,,,,,,,,,0.5092326232910156,,,
South America,Uruguay,URY,URY.16_2,URY.16.4_2,-1300,,,,,,,,,,,0.12718858032226563,,,,,,,,,,,
South America,Uruguay,URY,URY.16_2,URY.16.4_2,3100,,,,,,,0.2544243347167969,,,,,,,,,,,,,,0.05265279067095588,
South America,Uruguay,URY,URY.16_2,URY.16.4_2,3242,,,,,,,1.2085096374511717,,,,,,,,,,,,,,,
South America,Uruguay,URY,URY.16_2,URY.16.5_2,-3100,,,,,,,,,,,,,0.38263715820312505,,,,,,,,,
South America,Uruguay,URY,URY.16_2,URY.16.5_2,-2100,,,,,,,,,,0.127321337890625,,,,,,,,,,,,
South America,Uruguay,URY,URY.16_2,URY.16.5_2,-1300,,,,0.12732340087890626,,0.2548382629394531,,,,,,0.06376494750976562,0.44598721923828133,0.31862199707031247,,,0.06369384765625,1.4664110595703121,,0.9563821289062503,3.632914315257353,0.9544833312988282
South America,Uruguay,URY,URY.16_2,URY.16.5_2,1300,,,,,,,,,,,,,0.31881709594726565,0.19128980712890625,,,,,,,,
South America,Uruguay,URY,URY.16_2,URY.16.5_2,3100,,,,,0.12751532592773437,2.1658304809570317,,,,0.1272620361328125,,,0.5099836181640626,0.0637645751953125,,0.31846418457031256,0.06369384765625,0.19127186279296876,,,0.010730189568014708,0.12726429443359377
South America,Uruguay,URY,URY.16_2,URY.16.5_2,3242,,,,,,0.0636852294921875,,,,,,,,,,,,,,,,
South America,Uruguay,URY,URY.16_2,URY.16.5_2,5000,,,,,,0.06369347534179688,,,,,,,,,,,,,,,,
South America,Uruguay,URY,URY.17_2,URY.17.1_2,-5181,,,,,,0.19410687866210938,,0.12944656372070312,,,,,,,7.312595196533196,,0.12924333496093748,,,,,
South America,Uruguay,URY,URY.17_2,URY.17.1_2,-5000,,,,0.12936348266601563,,,,,,,,,,0.0078077078067555145,3.6874127502441407,,,,,,,
South America,Uruguay,URY,URY.17_2,URY.17.1_2,-3100,,,,0.1290747802734375,,,,,,0.06474429321289063,,,,,,,,,,,,
South America,Uruguay,URY,URY.17_2,URY.17.1_2,-2100,,,,,,,,,,,0.06473744506835938,,,,,,0.12927503051757813,,,,,
South America,Uruguay,URY,URY.17_2,URY.17.1_2,-1300,0.1939569091796875,,0.1939543518066406,0.3236358032226562,,0.258971044921875,0.19425090942382814,0.064276806640625,0.19397373046875,0.064734375,0.5178207153320311,0.7757016784667967,2.5826725524902345,16.37482809879079,,,0.38697379760742184,,,,,
South America,Uruguay,URY,URY.17_2,URY.17.1_2,-100,0.5829655456542968,0.06468797607421875,0.06471885986328126,0.5826749572753905,0.2589207092285156,1.5533602783203126,0.2589495971679687,0.19417443237304688,0.45320247802734376,,0.0647305908203125,,,,,,0.06451957397460938,,,,,
South America,Uruguay,URY,URY.17_2,URY.17.1_2,100,,,,,0.1294835205078125,,0.06475997924804687,,,,0.0647634033203125,,,,,,,,,,,
South America,Uruguay,URY,URY.17_2,URY.17.1_2,1300,,,,,,,,,,,0.12949832153320312,,0.2589376892089844,,,,,,,,,
South America,Uruguay,URY,URY.17_2,URY.17.1_2,2100,,0.1293754150390625,0.0644560302734375,0.06468201293945312,0.3881161254882812,0.32344193725585935,0.06473239135742187,0.258787109375,,,0.19420475463867184,0.06446131591796875,,0.0647540283203125,,,0.19360162353515625,,,,,
South America,Uruguay,URY,URY.17_2,URY.17.1_2,3100,0.06445858154296875,,,0.12903187255859375,0.19405779418945313,0.2587475646972656,,0.06468562622070312,,,,,,1.100232891845703,0.45273395996093746,,,,,,,
South America,Uruguay,URY,URY.17_2,URY.17.1_2,5000,,,,,,,,,,,,,,0.023422999339384194,,,,,,,,
South America,Uruguay,URY,URY.17_2,URY.17.3_2,-1300,,,,,,,0.06439672241210938,0.0643948974609375,,,,,0.9659170776367187,11.607446516687721,,,0.128788330078125,,1.4811847595214847,0.9015773681640622,,
South America,Uruguay,URY,URY.17_2,URY.17.3_2,3100,,,,,,,,,,,0.19317373046875,,,0.19320204467773439,,,,,,,,
South America,Uruguay,URY,URY.18_2,URY.18.1_2,-5181,,,,,,,,0.06531618041992188,,,,,,0.06508590087890626,,0.196935009765625,0.9144409729003907,0.19711531982421876,0.06577819213867188,,4.7052335998535115,10.442639447021476
South America,Uruguay,URY,URY.18_2,URY.18.1_2,-3100,0.06581173706054687,,,,,,,,,,,,,,,,,,,,,
South America,Uruguay,URY,URY.18_2,URY.18.1_2,-2100,0.6682318933105469,0.7883553039550781,2.9666387738156788,0.3271205139160156,1.1748017517089844,2.9284400073960244,0.7059100254672181,3.3965132934570303,1.190103525390625,0.782087255859375,2.1584505981445314,1.8568364771704582,0.1308369323730469,0.45665181884765627,0.19689364624023437,,,0.26184752807617184,0.13154046630859373,,0.19714053344726562,5.451188043212891
South America,Uruguay,URY,URY.18_2,URY.18.1_2,-1300,,0.06514597778320312,0.0651576904296875,,0.19626788330078127,0.13068289794921875,,0.45883661499023437,0.6533340393066406,0.3268739868164062,0.13064266967773436,2.610915142822266,0.3259765319824218,2.0204821533203123,,,,,,,0.06530894775390625,0.7224056335449219
South America,Uruguay,URY,URY.18_2,URY.18.1_2,-100,,0.06528353881835937,0.13070764770507814,0.5229116684139477,0.7904304624550015,3.708087496792663,0.26132819213867187,0.9752486328125,4.097175854492187,,0.17510555204503675,0.42643643432617184,,,,,,,,,,
South America,Uruguay,URY,URY.18_2,URY.18.1_2,100,,,,,,0.22345743109011182,,,,0.06517861938476563,,,,,,,,,,,,
South America,Uruguay,URY,URY.18_2,URY.18.1_2,1300,,,,,0.0657484130859375,,,,0.06516655883789063,,0.06551130981445312,0.0651557373046875,,,,,,0.13138941040039062,,,,0.06567398071289063
South America,Uruguay,URY,URY.18_2,URY.18.1_2,2100,0.2615789978027344,0.0657446044921875,1.2636216698021983,0.19589212646484377,0.5234269836425781,1.6304965942382812,,0.8481584655761719,0.8495871948242188,0.45665266723632814,0.13040876464843748,0.7825765319824219,0.06519439697265625,0.5863696899414063,,,,,,,,
South America,Uruguay,URY,URY.18_2,URY.18.1_2,3100,0.1313662109375,0.065552734375,0.26213854370117184,1.694437365722656,0.5866043579101563,4.16932953491211,,1.6971335754394532,1.5690824462890625,0.1304002746582031,0.6553559631347655,0.2611594604492188,0.1308333801269531,0.0650504638671875,,,,0.32880266723632806,,,,0.5911313171386718
South America,Uruguay,URY,URY.18_2,URY.18.1_2,5000,,,,,,0.0654347412109375,,0.06560437622070313,,,,,,0.06515201416015624,,0.5251609436035156,0.065317236328125,0.9185018920898439,,,3.274015631103516,9.588689984130859
South America,Uruguay,URY,URY.18_2,URY.18.2_2,-2100,,,0.065538232421875,0.06547454223632812,0.13105252685546875,0.06552547607421876,,,0.3276499206542969,,,0.19616282348632813,,,,,,,,,,
South America,Uruguay,URY,URY.18_2,URY.18.2_2,-1300,,,,,,,,,,,,0.065401025390625,0.06534666748046875,,,,,,,,,
South America,Uruguay,URY,URY.18_2,URY.18.2_2,-100,,,,,,,,,,,,0.030243168514476105,,,,,,,,,,
South America,Uruguay,URY,URY.18_2,URY.18.2_2,100,,,,,,,,,,,,0.1961916564941406,,,,,,,,,,
South America,Uruguay,URY,URY.18_2,URY.18.3_2,-5181,,,,,,,,,,,,0.0648831298828125,,,,,,,,,,
South America,Uruguay,URY,URY.18_2,URY.18.3_2,-5000,,,,,,,,,,,,,,0.0648888671875,,,,,,,,0.06487882690429687
South America,Uruguay,URY,URY.18_2,URY.18.3_2,-2100,,,,,0.12982415771484374,,,,,,,,,,,,,,,,,
South America,Uruguay,URY,URY.18_2,URY.18.3_2,-1300,,,,,,,,,,,0.064880078125,,,,,,,,,,,
South America,Uruguay,URY,URY.18_2,URY.18.3_2,-100,,,,,0.4454945045142081,2.5500198663449755E-4,,,0.26011039428710936,,,,,,,,,,,,,
South America,Uruguay,URY,URY.18_2,URY.18.4_2,-5181,,0.13023404541015626,0.13016041259765626,,,0.13025590209960938,,0.06511702270507813,,,,0.19531812744140625,,0.8465307006835937,,0.2604552795410156,0.130231201171875,,,,,0.5209377746582031
South America,Uruguay,URY,URY.18_2,URY.18.4_2,-5000,,0.19529697875976565,,,,,,0.19521445312500002,,,,0.13011553955078126,,0.3255795959472656,,0.1302319091796875,,0.06511577758789062,,,,0.06511719970703125
South America,Uruguay,URY,URY.18_2,URY.18.4_2,-2100,,0.19552398071289062,1.5617432035558363,,0.19547200927734376,0.32577213134765626,,0.06517471923828125,0.13030917358398436,0.5864388977050782,0.32577886352539065,0.3909454345703125,,,,,,,,,0.32542380981445307,
South America,Uruguay,URY,URY.18_2,URY.18.4_2,-1300,,,,,,,,,,,,,,,,,,,,,0.13016966552734374,
South America,Uruguay,URY,URY.18_2,URY.18.4_2,-100,,,,,1.0415059936523436,0.4557694885253907,,0.26025565185546873,0.19528189697265624,,,,,,,,,,,,,
South America,Uruguay,URY,URY.18_2,URY.18.4_2,2100,,0.39104796142578124,0.1704756127690334,,0.06515733642578125,,,0.32576929931640625,,,0.06513603515625,,,,,,,,,,0.13016966552734374,0.13023457641601563
South America,Uruguay,URY,URY.18_2,URY.18.4_2,3100,,,0.1954686279296875,,,0.2606170959472657,,0.065071484375,0.06515556030273438,,0.0651557373046875,,,,,0.19528491821289062,,,,,0.06508483276367187,0.19535213012695313
South America,Uruguay,URY,URY.18_2,URY.18.4_2,3242,,,,,0.0650787841796875,,,,,,,,,,,,,,,,,
South America,Uruguay,URY,URY.18_2,URY.18.4_2,5000,,,,,,,,,,,,,,,,0.32546705322265623,,,,,,
South America,Uruguay,URY,URY.19_2,URY.19.1_2,-3100,,,0.06470964965820312,,,,,,,,,,,,,,,,,,,
South America,Uruguay,URY,URY.19_2,URY.19.1_2,-2100,0.82165995959712,,0.19417335205078123,0.5178069519042968,0.2225847469554228,0.06460436401367188,,0.1300612186207491,0.1294761474609375,0.4530362365722656,0.12932479248046874,0.1292108947753906,,0.1937445373535156,,,,,,,,
South America,Uruguay,URY,URY.19_2,URY.19.1_2,-1300,,,,0.25808974609375,0.25800952758789064,,0.3875177307128906,,,0.06458894653320313,,0.38753815307617184,0.19358124999999998,2.1951988708496093,,,,,,,,0.12920908813476562
South America,Uruguay,URY,URY.19_2,URY.19.1_2,-100,0.0645152099609375,,,0.129403564453125,,,0.06466574096679688,,,0.038800422363281246,0.129186962890625,,,,,,,,,,,
South America,Uruguay,URY,URY.19_2,URY.19.1_2,1300,,0.06451920776367187,,,,,,,,,,,,0.12904531860351565,,,,,,,,
South America,Uruguay,URY,URY.19_2,URY.19.1_2,2100,,,,,0.1633499325022978,,0.2582513732910156,0.2955870643286612,,,,0.12920781250000002,,,,,,,,,0.19375958862304687,0.2584123718261719
South America,Uruguay,URY,URY.19_2,URY.19.1_2,3100,,,,,,,,,,,,,,,,,,0.12931412353515626,,,,
South America,Uruguay,URY,URY.19_2,URY.19.3_2,-2100,0.3877578491210938,,,0.12920618896484376,1.6979258830470663,,,0.19381651000976563,,0.8400166015625,,0.12927684326171876,0.1291746337890625,,,,,,,,,
South America,Uruguay,URY,URY.19_2,URY.19.3_2,-1300,0.06458259887695313,,,,,0.06457715454101562,,,,0.25854969482421875,,0.12927394409179688,0.06460399780273438,0.12917572021484375,,,,,,,,
South America,Uruguay,URY,URY.19_2,URY.19.3_2,-100,,,,,0.33446609324735754,,,0.06458441162109375,,,,,,,,,,,,,,
South America,Uruguay,URY,URY.19_2,URY.19.3_2,100,,,,,0.018489650065104165,,,,,,,,,,,,,,,,,
South America,Uruguay,URY,URY.19_2,URY.19.3_2,1300,,,,,,,,,,0.19390656738281248,,0.06463823852539062,,,,,,,,,,
South America,Uruguay,URY,URY.19_2,URY.19.3_2,2100,0.12922861938476563,,,,,0.064575341796875,,,,,,,,,,0.06458350830078124,,,,,,
South America,Uruguay,URY,URY.19_2,URY.19.3_2,3100,,,,,0.05546583654067095,,,0.06458441162109375,,,,,,,,,,,,,,
South America,Uruguay,URY,URY.19_2,URY.19.4_2,-3100,,,0.06492542114257813,,,,,,,,,,,,,,,,,,,
South America,Uruguay,URY,URY.19_2,URY.19.4_2,-2100,0.9079640014648439,0.12968153076171876,0.32433495483398445,1.297958502197266,0.9075425109863282,0.9082148010253905,,,1.1022921386718751,0.11594880119772519,,0.45400076293945313,0.32420724487304686,,,,,,,,,
South America,Uruguay,URY,URY.19_2,URY.19.4_2,-1300,,,,,,,,,,,,,,0.06494923095703126,,,,,,,,
South America,Uruguay,URY,URY.19_2,URY.19.4_2,-100,,,,0.19451708984375,,3.570309936523439,,0.06491449584960937,,,,,,,,,,,,,,
South America,Uruguay,URY,URY.19_2,URY.19.4_2,100,,,,,,1.1684650939941406,,0.32457499389648437,,,,0.06491646728515625,,,,,,,,,,
South America,Uruguay,URY,URY.19_2,URY.19.4_2,1300,,,,,,0.1297063232421875,,,,,,,,,,,,,,,,
South America,Uruguay,URY,URY.19_2,URY.19.4_2,3100,,,,,0.19458300170898438,,,,,,,,,,,,,,,,,
South America,Uruguay,URY,URY.2_2,URY.2.11_2,-1300,,,,,,,,,,,,,,,,,,0.12717373046875,,,,
South America,Uruguay,URY,URY.2_2,URY.2.11_2,3100,,,,,,0.06351644897460937,,,0.06351644897460937,,,,,,,,,,,,,
South America,Uruguay,URY,URY.2_2,URY.2.17_2,2100,,,,,,,,,0.06339916381835937,,,,,,,,,,,,,
South America,Uruguay,URY,URY.2_2,URY.2.19_2,3100,,,,,,,,,,,,0.44422421264648426,,,,,,,,,,
South America,Uruguay,URY,URY.2_2,URY.2.24_2,-3100,,,,,,,,,,,,,0.6377253601074218,,,,,,,,,
South America,Uruguay,URY,URY.2_2,URY.2.24_2,-1300,0.06370902099609375,,,,,,,,,,,,,,,,,,,,,
South America,Uruguay,URY,URY.2_2,URY.2.24_2,1300,,,,,,,,,,,,,0.2550971740722656,,,,,,,,,
South America,Uruguay,URY,URY.2_2,URY.2.24_2,2100,0.2548358947753906,,,,,,,,,,,,,,,,,,,,,
South America,Uruguay,URY,URY.2_2,URY.2.24_2,3100,0.1274180419921875,,,,,,,,,,,,,,,,,,,,,
South America,Uruguay,URY,URY.2_2,URY.2.24_2,3242,,,,,,,,,,,,,0.06377466430664062,,,,,,,,,
South America,Uruguay,URY,URY.2_2,URY.2.27_2,-5181,,,,,,,,,,,,,,0.06346551513671875,,,,,,0.1269302734375,0.06346551513671875,
South America,Uruguay,URY,URY.2_2,URY.2.27_2,-1300,,,,,,,,,,,,,,0.19039597778320314,,,,,,,,
South America,Uruguay,URY,URY.2_2,URY.2.5_2,1300,,,,,,,0.06370078125,,,,,,,,,,,,,,,
South America,Uruguay,URY,URY.2_2,URY.2.5_2,2100,,,,,,,0.06370096435546875,,,,,,,,,,,,,,,
South America,Uruguay,URY,URY.3_2,URY.3.1_2,-2100,0.06503228149414063,,,,,,,,,,,,,,,,,,,,,
South America,Uruguay,URY,URY.3_2,URY.3.1_2,-1300,0.0650326416015625,,,,,,,,,,,,0.06498265991210937,0.06498302001953125,,,,,,,,0.06498641357421875
South America,Uruguay,URY,URY.3_2,URY.3.11_2,-2100,,,,0.0649511962890625,,,,,,,,,,,,,,,,,,
South America,Uruguay,URY,URY.3_2,URY.3.11_2,2100,,,,0.12990435791015625,,,,,,,,,,,,,,,,,,
South America,Uruguay,URY,URY.3_2,URY.3.13_2,-2100,,,0.5224682556152344,,0.2612410888671875,,0.21026881364411,,0.9019178537166821,,,0.821092684397978,,,,,,,,,,
South America,Uruguay,URY,URY.3_2,URY.3.13_2,-1300,,,0.13061807250976562,,0.19592579345703126,0.06530912475585937,0.13061966552734375,,0.45765739746093753,,,0.7183984252929687,,,,,,,,,,
South America,Uruguay,URY,URY.3_2,URY.3.13_2,-100,,,,,,0.0653672607421875,,,,,,,,,,,,,,,,
South America,Uruguay,URY,URY.3_2,URY.3.13_2,1300,,,,,,,0.0653084228515625,,,,,0.19592666625976562,,,,,,,,,,
South America,Uruguay,URY,URY.3_2,URY.3.13_2,2100,,,,,,,,,0.06537975463867188,,,,,,,,,,,,,
South America,Uruguay,URY,URY.3_2,URY.3.14_2,-2100,0.06502960815429687,,,0.5846545288085938,,0.06494547119140626,,,,,,,,,,,,,,,,
South America,Uruguay,URY,URY.3_2,URY.3.14_2,-100,,,0.06508839111328125,,0.06505117797851563,,,,,,,,,,,,,,,,,
South America,Uruguay,URY,URY.3_2,URY.3.14_2,100,,,0.06508839111328125,,,,,,,,,,,,,,,,,,,
South America,Uruguay,URY,URY.3_2,URY.3.14_2,2100,,,,,,,,,0.19485769653320312,,,,,,,,,,,,,
South America,Uruguay,URY,URY.3_2,URY.3.15_2,-2100,,,,,,,,0.3261379943847656,0.5220648071289062,,,0.19559859008789063,,,,0.13042404174804687,,,,,,
South America,Uruguay,URY,URY.3_2,URY.3.15_2,-1300,0.06524890747070312,,0.13051796875,,,,,0.06524766845703125,,,,,,,,,,,,,,
South America,Uruguay,URY,URY.3_2,URY.3.15_2,1300,,,0.32629598388671877,,,,,,,,,0.13039959106445312,,,,,,,,,,
South America,Uruguay,URY,URY.3_2,URY.3.15_2,2100,,,0.06524819946289062,,,,,0.3914369873046875,,,,,,,,,,,,,,
South America,Uruguay,URY,URY.3_2,URY.3.15_2,5000,,,0.19577801513671877,,,,,,,,,,,,,,,,,,,
South America,Uruguay,URY,URY.3_2,URY.3.16_2,-2100,,,0.042180249741498164,,,,,,,,,0.1303785095214844,0.06517755737304687,0.06518269653320312,,,,,,,,
South America,Uruguay,URY,URY.3_2,URY.3.16_2,-1300,,,,,,,,,,,,1.0429782836914063,0.32592802734375,0.5214826782226563,,,,,,,,
South America,Uruguay,URY,URY.3_2,URY.3.16_2,2100,,,,,,,,,,,,,0.06518606567382812,0.26074196166992186,,,,,,,,
South America,Uruguay,URY,URY.3_2,URY.3.2_2,-2100,,,0.1309879638671875,,,0.13098814697265626,0.06549573364257813,,0.1964803771972656,,0.6549590942382811,,,,,,,,,,,
South America,Uruguay,URY,URY.3_2,URY.3.2_2,2100,,,,,,,,,,,0.19648877563476563,0.06549468383789063,,,,,,,,,,
South America,Uruguay,URY,URY.3_2,URY.3.2_2,3100,,0.0654932861328125,0.06549381103515625,,,,,,0.06549363403320313,,,,,,,,,,,,,
South America,Uruguay,URY,URY.3_2,URY.3.4_2,-2100,,,,,,,,,0.06514863891601562,,,0.1302862731933594,0.19543278198242187,,,,,,,,,
South America,Uruguay,URY,URY.3_2,URY.3.4_2,-1300,,,,0.06514775390625,,,,,,0.13032176513671875,,0.26059863891601565,0.1954265625,0.06515662231445313,,,,,,,,
South America,Uruguay,URY,URY.3_2,URY.3.4_2,-100,,,,0.0628622878848805,,,,,,,,,,,,,,,,,,
South America,Uruguay,URY,URY.3_2,URY.3.4_2,100,,,,,,0.037053779751646754,,,,,,,,,,,,,,,,
South America,Uruguay,URY,URY.3_2,URY.3.4_2,1300,,,,,,,,,,,,0.1303040283203125,,,,,,,,,,
South America,Uruguay,URY,URY.3_2,URY.3.4_2,3100,,,,,,,,,,0.06515219116210938,,,,,,,,,,,,
South America,Uruguay,URY,URY.3_2,URY.3.6_2,-1300,,,,0.06544807739257813,,,,,,,,,,,,,,,,,0.1963363342285156,
South America,Uruguay,URY,URY.3_2,URY.3.9_2,-2100,,,,,,,,,,,0.261977685546875,,,,,,,0.5243837951660156,,,,
South America,Uruguay,URY,URY.4_2,URY.4.1_2,-5181,,0.06370770874023438,,,,,,,0.19118096923828126,,,2.3628356201171874,0.2549193664550781,,,0.06372661743164063,,0.06379651489257812,,,,0.06372642822265626
South America,Uruguay,URY,URY.4_2,URY.4.1_2,-5000,,,,,,,,,,,,,0.06373073120117187,0.06373241577148438,,0.06372661743164063,,,,,,
South America,Uruguay,URY,URY.4_2,URY.4.1_2,-3100,,,,,,,,,,,,0.06385059814453126,,,,0.12772373657226563,0.06385097045898437,,,,,
South America,Uruguay,URY,URY.4_2,URY.4.1_2,-1300,,,,,0.06384761962890625,,,,,,,0.19158551635742188,0.1277203857421875,1.021804992675781,,0.06386159057617187,0.12769970703125,,,,,
South America,Uruguay,URY,URY.4_2,URY.4.1_2,2100,,,,,,,,,,,0.12772541503906248,,,,,,,,,,,
South America,Uruguay,URY,URY.4_2,URY.4.1_2,3100,,,,,0.06384724731445313,0.12741092529296874,0.7662925292968751,,,,,0.06388914184570313,,,,,,,,,,
South America,Uruguay,URY,URY.4_2,URY.4.1_2,3242,,,,,,,,,,,,3.3207614868164046,,,,,,,,,,
South America,Uruguay,URY,URY.4_2,URY.4.1_2,5000,,,,,,,,,,,,0.38315928955078127,,,,,,,,,,
South America,Uruguay,URY,URY.4_2,URY.4.11_2,-5000,,,,,,,,,,,0.06372755126953125,,,,,,,,0.12751158447265626,,,
South America,Uruguay,URY,URY.4_2,URY.4.11_2,-1300,,,,,,,,,,,0.06377317504882812,,,,,,0.12751438598632814,,1.020093615722656,,,
South America,Uruguay,URY,URY.4_2,URY.4.2_2,-5000,,,,,,,,,,0.06393766479492187,,,,,,,,,,,,
South America,Uruguay,URY,URY.4_2,URY.4.2_2,-1300,,,,,,,,,,0.06393784790039063,,,,,,,,,,,,
South America,Uruguay,URY,URY.4_2,URY.4.2_2,2100,,,,,,,,,0.064105810546875,,,,,,,,,,,,,
South America,Uruguay,URY,URY.4_2,URY.4.2_2,3000,,,,,,,,,0.06360301987591913,,,,,,,,,,,,,
South America,Uruguay,URY,URY.4_2,URY.4.6_2,-1300,,,,,,,,,,,,,,,,,,0.06379091796875,,,,
South America,Uruguay,URY,URY.4_2,URY.4.6_2,2100,,,,,,,,,,,,,,,,,,0.06379072875976563,,,,
South America,Uruguay,URY,URY.4_2,URY.4.6_2,3100,,,,,,,,,0.19137778320312498,,,,,,,,,,,,,
South America,Uruguay,URY,URY.5_2,URY.5.1_2,-5181,,,,,,,,,,,,,,,,,0.06506222534179687,0.7806433776855469,0.065067919921875,0.06506115112304688,,
South America,Uruguay,URY,URY.5_2,URY.5.1_2,-5000,0.06494923095703126,,,,0.06498998413085938,,0.065133544921875,,0.12970686035156248,,,0.0649119873046875,,,,,,2.0170827697753904,0.45546478271484375,0.6506412719726563,0.06506222534179687,
South America,Uruguay,URY,URY.5_2,URY.5.1_2,-2100,0.648059893798828,,0.3877542236328125,0.1292750244140625,1.820190222167969,1.3654522583007813,0.35304136161056215,0.8467433105468751,,0.585702197265625,0.129760302734375,1.363810107421875,0.13012724609374998,,,,,0.1298442199707031,,,,
South America,Uruguay,URY,URY.5_2,URY.5.1_2,-1300,0.19529176025390627,,,,0.06452393798828125,,0.13026708984375,0.19485535888671873,,,0.06457334594726563,0.8456860839843751,0.2588340881347656,1.7572532409667971,,,,,,0.1951866760253906,0.06506240234375,0.0649082275390625
South America,Uruguay,URY,URY.5_2,URY.5.1_2,-100,0.3242363952636719,0.06464927978515625,,0.3241937377929688,4.737950451660157,9.107394450803266,0.12969677124023438,3.1143463623046883,8.236169757080074,,0.4097294699276195,0.1949007080078125,,,,0.019243874080882354,,,,,,
South America,Uruguay,URY,URY.5_2,URY.5.1_2,100,0.06455228271484376,,,,0.06513514404296875,,,,,,,,,,,,,,,,,
South America,Uruguay,URY,URY.5_2,URY.5.1_2,1300,0.06456881103515626,,0.12998157348632813,,,,,,0.06485369873046876,,,,,0.0646367919921875,,,,,,,,
South America,Uruguay,URY,URY.5_2,URY.5.1_2,2100,0.06518890380859375,,0.1955649230957031,0.19523522338867189,0.32487691650390627,1.1061101928710937,0.4550107238769532,0.3909659790039062,0.25858951416015624,0.7818382812500001,0.12952418823242187,0.06498998413085938,,,,,,,,0.1301319274902344,,
South America,Uruguay,URY,URY.5_2,URY.5.1_2,3100,0.38928119506835934,,0.25887014770507816,0.3244178649902344,0.7782112304687501,2.8981053014418663,0.06482171630859375,0.1302772155761719,,,,0.5833566223144533,,,0.31451020541322,,0.13012445068359374,0.194722705078125,,0.260243896484375,,
South America,Uruguay,URY,URY.5_2,URY.5.1_2,3242,,,,,0.06503781127929688,,,,,,,,,,,,,0.585609686279297,,,,
South America,Uruguay,URY,URY.5_2,URY.5.1_2,5000,0.45463583374023436,,,,,0.129899169921875,,0.19453092041015627,0.1301248046875,,,0.0649119873046875,,,,,,,,,,
South America,Uruguay,URY,URY.6_2,URY.6.1_2,-5181,,,,,,0.387993359375,,0.8406419738769533,,,,,,,,2.909919488525392,,,,,,
South America,Uruguay,URY,URY.6_2,URY.6.1_2,-5000,,,,,,,,0.06466465454101562,,,,,,,,,,,,,,
South America,Uruguay,URY,URY.6_2,URY.6.1_2,-2100,,,,,0.1292924072265625,,0.10128189278396907,0.19385179443359374,0.19393951416015623,,,,,,,0.19380082397460935,,,,,,
South America,Uruguay,URY,URY.6_2,URY.6.1_2,-1300,,,,,,,0.06454447631835937,,,,,0.19378272705078126,,0.06457261962890624,,0.38787992553710926,,,,,,
South America,Uruguay,URY,URY.6_2,URY.6.1_2,-100,,,,,,0.5818811218261719,,0.12935155029296874,,,,,,,,0.10971828570197611,,,,,,
South America,Uruguay,URY,URY.6_2,URY.6.1_2,2100,,0.06457570190429687,,,,0.25425194091796877,0.06454447631835937,0.2586761657714844,0.258582275390625,,,,0.0646342529296875,,,,,,,,,
South America,Uruguay,URY,URY.6_2,URY.6.1_2,3100,,,,0.06462447509765624,,0.3454115596995634,,0.25874143066406247,,,,,,,0.00784830556832108,0.06466357421875,,,,,,
South America,Uruguay,URY,URY.7_2,URY.7.0_2,-1300,,,,0.0639307861328125,,,,,,,,,,0.12892008056640625,,,,,,,,
South America,Uruguay,URY,URY.7_2,URY.7.0_2,-100,,,,,0.574944921875,,0.5110111328125,,,0.06390960083007813,0.6387864379882813,,,,,,,,,,,
South America,Uruguay,URY,URY.7_2,URY.7.0_2,2100,,,,,0.1916328063964844,,,,0.19176337890625,,,,0.064461865234375,,,,,,,,,
South America,Uruguay,URY,URY.8_2,URY.8.1_2,-5181,,,,,,,,,,,,0.064261572265625,,,,0.128523876953125,,,,,,
South America,Uruguay,URY,URY.8_2,URY.8.1_2,-2100,0.19246538085937498,0.06432996215820312,,,,,0.1285181884765625,,0.128655712890625,,,,,,,0.192786181640625,,,,,,
South America,Uruguay,URY,URY.8_2,URY.8.1_2,-1300,,0.06432977905273438,,,,,,,,0.1285235107421875,0.1285288330078125,0.06420441284179687,0.06420459594726563,0.06425863037109375,,,,,,,0.06439434814453125,
South America,Uruguay,URY,URY.8_2,URY.8.1_2,-100,0.1924661193847656,,,,,,,,,,,,,,,,,,,,,
South America,Uruguay,URY,URY.8_2,URY.8.1_2,2100,,,,0.06424834594726563,,,,,,,,,,,,,,,,,,
South America,Uruguay,URY,URY.8_2,URY.8.1_2,3100,,,,,,,,,,,,,,,,0.3213208862304687,,,,,,
South America,Uruguay,URY,URY.8_2,URY.8.1_2,5000,,,,,,,,,,,,0.06424816284179688,,,,0.128523876953125,,,,,,
South America,Uruguay,URY,URY.8_2,URY.8.2_2,-1300,,,,,,,,,,,,,0.064263037109375,,,,,,,,,
South America,Uruguay,URY,URY.8_2,URY.8.3_2,-2100,,,,,,,0.06445421142578125,,,,,,,,,,,,,,,
South America,Uruguay,URY,URY.8_2,URY.8.3_2,-100,,,,,,1.352879455566406,0.12890714111328125,,,,,0.06445512084960937,,,,,,,,,,
South America,Uruguay,URY,URY.9_2,URY.9.1_2,-5000,,,,,0.1269278137207031,,,,,,,,,,,,,,,,,
South America,Uruguay,URY,URY.9_2,URY.9.1_2,-2100,0.06348740844726562,0.1904410827636719,,,0.1269278137207031,,,,,,0.06346702270507812,,,,,,,,,,,
South America,Uruguay,URY,URY.9_2,URY.9.3_2,-2100,0.190196923828125,0.06340219116210938,,,,,,,,,,0.06337852783203125,,,,,,,,,,
South America,Uruguay,URY,URY.9_2,URY.9.3_2,2100,,,,,,,,,,0.06337568359375,,,,,,,,,,,,
South America,Uruguay,URY,URY.9_2,URY.9.4_2,-1300,,,,,,,,0.06341732177734374,,,0.06341410522460937,,,,,,,,,,,
South America,Uruguay,URY,URY.9_2,URY.9.4_2,-100,,,,,,,0.06341372680664062,,0.12682821044921874,,,,,,,,,,,,,
South America,Uruguay,URY,URY.9_2,URY.9.4_2,2100,,,,,,0.06341505126953124,,,,,0.06341429443359375,0.06344832763671875,,,,,,,,,,
South America,Uruguay,URY,URY.9_2,URY.9.6_2,-5181,,,,,,,,,1.2033305664062497,,,0.06333360595703125,,,,,,,,,,
South America,Uruguay,URY,URY.9_2,URY.9.6_2,1,,,,,0.25332551879882814,,,,0.2533221008300781,,,0.06332810668945313,,,,,,,,,,0.25331830444335934
South America,Uruguay,URY,URY.9_2,URY.9.7_2,-2100,0.0633934814453125,,,,,,,,,,,,,,,,,,,,,
South America,Uruguay,URY,URY.9_2,URY.9.7_2,2100,,,,,,,,,,,,,,,,,,,,,0.1268285888671875,0.1902440185546875
South America,Uruguay,URY,URY.9_2,URY.9.7_2,5000,,,,,,,,,,,,,,,,,,,,,,0.12682953491210938
South America,Uruguay,URY,URY.9_2,URY.9.8_2,-5000,,,,,,,,,,,,,,,,0.06347098999023437,,,,,,
